Student_ID,First_Name,Last_Name
1,Donald,Waterfield
2,Mickey,Baasha
3,Jiji,Sharma
4,Blair,Diaz
5,Charles,Wolfe
6,Sue,Falcon
7,Thomas,ONeill
8,Sonny,Beckett
9,Sister,Spitzer
10,Cedric,Coltrane
11,Hank,Spencer
12,Sara,di Marco
13,Daphne,Seabright
14,Rick,Bennett
15,Amy,Leela
16,Woody,Bashir
17,Tom,Halliwell
18,Rachel,Winterbourne
19,John,West
20,Jon,Doggett
21,Angel,Edwards
22,Brodie,Beck
23,Beanie,Foster
24,Nino,Andrews
25,John,Farley
26,Nea,Kobayakawa
27,Laura,Halliwell
28,Lucille,Maureen
29,Jim,Thomas
30,Roderick,Payne
31,Sam,Threep
32,Bertha,Crowley
33,Roland,Edge
34,Don,Wiggum
35,Anthony,Maxwell
36,James,Sullivan
37,Anne,Marlowe
38,Kelly,Hamilton
39,Charles,Andonuts
40,Temple,Russert
41,Don,Edwards
42,Alice,Donovan
43,Stone,Cutting
44,Neil,Allan
45,Cross,Gordon
46,Phoebe,Bigelow
47,Harry,Kuramitsu
48,Gary,Ramotswe
49,Phil,Chester
50,Phil,Beckett
51,Gala,Littlefield
52,Gregory,James
53,Bruno,Wolfe
54,Molly,Jackson
55,Rose,Spellman
56,Will,Manu
57,Woody,Riviera
58,Georgette,Gallagher
59,Rocky,Donahue
60,Roland,Murphy
61,Mary,Spellman
62,Shiro,Whale
63,Calleigh,Dean
64,Didi,Dean
65,Haiku,Alpert
66,Joseph,Justin
67,Catherine,Minoru
68,Danny,Hardbroom
69,Lily,Crusher
70,Billy,Jones
71,Vicki,Babbling
72,Lily,Vargas
73,Agatha,Sawyer
74,Temple,Marlowe
75,Kazuki,Ranall
76,Jackie,Lovegood
77,Mike,Mars
78,Natsumi,Weasley
79,Reginald,Jackson
80,Ernest,Clarkson
81,Gytha,Banzai
82,Matt,Goergen
83,Nick,Walker
84,Jen,Jacobs
85,Phoebe,Bell
86,Ann,Blocksberg
87,Frank,Capone
88,Caroline,Smart
89,Sam,Spratt
90,Prue,Cleever
91,Zoe,Miller
92,Mendy,Strate
93,Delores,Bones
94,Hal,Riviera
95,Gene,Edwards
96,Jonny,Christian
97,Emmett,Erin
98,Harry,Soprano
99,Richard,Davis
100,Olwyn,Chino
